name,archive_location
DOTT_I_13_0_J,/srv/content_store/clean/DOTT/DOTT_I_13_0_J_c0949736-b3de-449c-b132-35fdfbbecba1
DDDT_I_9_0_J,/srv/content_store/clean/DDDT/DDDT_I_9_0_J_738eeee8-eaea-4559-925b-68032c9e5f0a
DOTT_I_13_0_J,/srv/content_store/clean/DOTT/DOTT_I_13_0_J_34cf3cec-172a-4463-af42-9aa76ad82adc
DDDT_I_9_0_J,/srv/content_store/clean/DDDT/DDDT_I_9_0_J_760af4a1-7891-4b94-b2f9-4223df00ba0d
DIBP_I_15_0_J,/srv/content_store/clean/DIBP/DIBP_I_15_0_J_f96552f2-659a-4447-82b9-8da726560c5f
DCOP_I_14_0_J,/srv/content_store/clean/DCOP/DCOP_I_14_0_J_b094fdd7-28bf-4128-b9bc-e5f58ad7851c
DCOP_I_11_S1_J,/srv/content_store/clean/DCOP/DCOP_I_11_S1_J_03522051-2996-4400-b784-e1eb3ac05e28
DCOP_I_6_0_J,/srv/content_store/clean/DCOP/DCOP_I_6_0_J_458841fd-3103-42a4-9af2-4f364cb5af14
DCOP_I_3_2_J,/srv/content_store/clean/DCOP/DCOP_I_3_2_J_9a78a0de-e9f5-4d4f-a5d9-b49648c4bd3a
DDDT_I_8_0_J,/srv/content_store/clean/DDDT/DDDT_I_8_0_J_0ef98942-97f1-46a1-b8f4-1a5b089d251c
DDDT_I_1_0_J,/srv/content_store/clean/DDDT/DDDT_I_1_0_J_0436d5ee-6652-4bec-b714-2d7cc8bc4926
DMSO_I_1_0_J,/srv/content_store/clean/DMSO/DMSO_I_1_0_J_11d40ff8-690e-4392-839a-bf6a64f00fed
DMSO_I_4_0_J,/srv/content_store/clean/DMSO/DMSO_I_4_0_J_56afe712-9917-4d53-a318-121c406bb110
DMSO_I_3_0_J,/srv/content_store/clean/DMSO/DMSO_I_3_0_J_48c8777e-a329-496e-bbb7-28e4143c4413
DMSO_I_2_0_J,/srv/content_store/clean/DMSO/DMSO_I_2_0_J_a91be64c-ee7a-44e0-b91c-97bb9df77edf
DMSO_I_10_0_J,/srv/content_store/clean/DMSO/DMSO_I_10_0_J_9cb3158c-6f7d-4c70-bdab-c86daad5238d
DBCT_I_9_0_J,/srv/content_store/clean/DBCT/DBCT_I_9_0_J_edfbfdd8-f497-4133-a19c-6e7ffd6ac151
DMSO_I_13_0_J,NULL
DBCT_I_10_0_J,/srv/content_store/clean/DBCT/DBCT_I_10_0_J_79f6fcd4-8f65-4049-bf64-3d1969e3572c
DBCT_I_9_0_J,/srv/content_store/clean/DBCT/DBCT_I_9_0_J_67732ecf-3335-4d8d-a184-72edf4a66cb3
DMSO_I_6_0_J,/srv/content_store/clean/DMSO/DMSO_I_6_0_J_44bc4b05-bd6a-474b-81d4-a21cc8cc7b28
DMSO_I_3_0_J,/srv/content_store/clean/DMSO/DMSO_I_3_0_J_4ec8490f-25a9-4f46-8f06-f50297960968
DMSO_I_2_0_J,/srv/content_store/clean/DMSO/DMSO_I_2_0_J_16e4d74f-5817-409f-8420-8c1e15d6a575
DMSO_I_5_0_J,/srv/content_store/clean/DMSO/DMSO_I_5_0_J_85752c7b-ce20-43b9-bf14-9579a62842e7
DMSO_I_7_0_J,/srv/content_store/clean/DMSO/DMSO_I_7_0_J_aebe2a68-cf64-4120-accd-09b083bab484
DMSO_I_9_0_J,/srv/content_store/clean/DMSO/DMSO_I_9_0_J_fc512786-03b5-4dbf-8b81-c68fd1a8472b
DBCT_I_11_0_J,/srv/content_store/clean/DBCT/DBCT_I_11_0_J_8871aa92-ecbd-4424-a500-39062d430802
DBCT_I_12_0_J,/srv/content_store/clean/DBCT/DBCT_I_12_0_J_3752170e-abec-4ab8-896f-7f586ce4914a
DBCT_I_5_0_J,/srv/content_store/clean/DBCT/DBCT_I_5_0_J_ea4355fb-97ea-4aa4-8870-b3d5946cd4ca
DMSO_I_2_0_J,/srv/content_store/clean/DMSO/DMSO_I_2_0_J_e3dc1ecb-5360-499e-b358-8ddc79b28c19
DBCT_I_8_0_J,/srv/content_store/clean/DBCT/DBCT_I_8_0_J_53161ba6-84df-4a69-a972-1cdd81801c84
DMSO_I_1_0_J,/srv/content_store/clean/DMSO/DMSO_I_1_0_J_0fd6576f-42c6-484f-ba02-14e0b7ab76fb
DBCT_I_14_0_J,/srv/content_store/clean/DBCT/DBCT_I_14_0_J_4e279ef1-5b94-429a-9781-caf34ae29c1e
DMSO_I_1_0_J,/srv/content_store/clean/DMSO/DMSO_I_1_0_J_7cd50fd0-02de-4173-91d1-6aba10fc6d84
DBCT_I_1_0_J,NULL
DBCT_I_2_0_J,/srv/content_store/clean/DBCT/DBCT_I_2_0_J_205ad336-33c5-460c-a78f-9dcf8205f15b
DBCT_I_2_0_J,/srv/content_store/clean/DBCT/DBCT_I_2_0_J_0749fdea-729d-4ad4-8d67-d10a4a57bbe0
DBCT_I_3_0_J,/srv/content_store/clean/DBCT/DBCT_I_3_0_J_2134ced3-5ede-49d2-9968-d35a1a88532f
DBCT_I_5_0_J,/srv/content_store/clean/DBCT/DBCT_I_5_0_J_5a38ee0e-6aa1-440c-894d-9d9eea4f3145
DMSO_I_1_0_J,/srv/content_store/clean/DMSO/DMSO_I_1_0_J_97e75d19-a8b2-401e-ade7-6eaf95a59a9f
DBCT_I_8_0_J,/srv/content_store/clean/DBCT/DBCT_I_8_0_J_4c49c044-0443-42d2-b2d8-bd19af7c05c0
DBCT_I_14_0_J,/srv/content_store/clean/DBCT/DBCT_I_14_0_J_5b084c92-a659-43f7-9b0b-8f2b52f4998e
DMSO_I_5_0_J,/srv/content_store/clean/DMSO/DMSO_I_5_0_J_7249a5ff-bc9e-4865-be68-8069c0f5c015
DBCT_I_12_0_J,/srv/content_store/clean/DBCT/DBCT_I_12_0_J_07cd7ab2-abc4-4ae2-9fc1-327c37c66021
DBCT_I_11_0_J,/srv/content_store/clean/DBCT/DBCT_I_11_0_J_89bfe009-6c76-4117-89da-f6968470394a
DMSO_I_15_0_J,NULL
DMSO_I_9_0_J,/srv/content_store/clean/DMSO/DMSO_I_9_0_J_a3bb80d5-f1dd-4932-ad75-b66f163f7826
DBCT_I_3_0_J,/srv/content_store/clean/DBCT/DBCT_I_3_0_J_eb43830d-5d03-49c2-9034-baa65b8f408d
DMSO_I_4_0_J,/srv/content_store/clean/DMSO/DMSO_I_4_0_J_61835b8c-d0bd-431b-bf9c-92933df584b9
DBCT_I_1_0_J,NULL
DMSO_I_3_0_J,/srv/content_store/clean/DMSO/DMSO_I_3_0_J_2cf5ccef-28d5-4fcc-8b59-1b79d6e3f512
DMSO_I_10_0_J,/srv/content_store/clean/DMSO/DMSO_I_10_0_J_329b35c9-4126-43eb-9473-4b45b0125c33
DMSO_I_6_0_J,/srv/content_store/clean/DMSO/DMSO_I_6_0_J_b3a850ee-c62e-4a12-a7b4-cc42ada4a158
DMSO_I_2_0_J,/srv/content_store/clean/DMSO/DMSO_I_2_0_J_dc7e6110-0090-4cc5-9922-5520875a7fe6
DMSO_I_7_0_J,/srv/content_store/clean/DMSO/DMSO_I_7_0_J_4463be7b-206e-48ad-9407-8cd7c510d91b
DMSO_I_1_0_J,/srv/content_store/clean/DMSO/DMSO_I_1_0_J_cbb73f95-6378-408e-887d-d1da8bc2dfe8
DBCT_I_9_0_J,/srv/content_store/clean/DBCT/DBCT_I_9_0_J_c7baa6f5-9477-43c1-8082-4ab4c7026082
DBCT_I_10_0_J,/srv/content_store/clean/DBCT/DBCT_I_10_0_J_a422e799-1855-4f38-b4da-90ef99478539
DBCT_I_12_0_J,/srv/content_store/clean/DBCT/DBCT_I_12_0_J_292ff601-6620-420d-a512-d04ba3578873
DBCT_I_11_0_J,/srv/content_store/clean/DBCT/DBCT_I_11_0_J_ce39c0fc-4dfc-464b-af82-4098183c87bb
DBCT_I_14_0_J,/srv/content_store/clean/DBCT/DBCT_I_14_0_J_8bc708b2-b5eb-427e-b056-040d7c9e9d02
DBCT_I_3_0_J,/srv/content_store/clean/DBCT/DBCT_I_3_0_J_5444a3ef-29b0-4310-b637-7662418283e0
DMSO_I_7_0_J,/srv/content_store/clean/DMSO/DMSO_I_7_0_J_eb9a1331-fa3e-4108-a5d2-17263e318643
DMSO_I_1_0_J,/srv/content_store/clean/DMSO/DMSO_I_1_0_J_4715de90-6d7b-4838-9715-d38c795f2651
DMSO_I_1_0_J,/srv/content_store/clean/DMSO/DMSO_I_1_0_J_2df7e543-0b1f-47e8-b26f-cf2b16ed345e
DBCT_I_11_0_J,/srv/content_store/clean/DBCT/DBCT_I_11_0_J_0910ccd5-e153-4834-9395-371b9c612aee
DBCT_I_14_0_J,/srv/content_store/clean/DBCT/DBCT_I_14_0_J_9fb8e6a7-dc2c-4c11-9a18-b022fa723a9f
DBCT_I_12_0_J,/srv/content_store/clean/DBCT/DBCT_I_12_0_J_ac9fc957-cedc-4305-a8b2-c1b410fa85fb
DBCT_I_10_0_J,/srv/content_store/clean/DBCT/DBCT_I_10_0_J_84e3626c-d80a-47ed-9800-e2e4a97ce908
DBCT_I_9_0_J,/srv/content_store/clean/DBCT/DBCT_I_9_0_J_011affc8-61cd-4e4d-aecf-111f2cc2e85e
DBCT_I_8_0_J,/srv/content_store/clean/DBCT/DBCT_I_8_0_J_af134e56-fb31-4b06-94ea-82e3778955b1
DBCT_I_5_0_J,/srv/content_store/clean/DBCT/DBCT_I_5_0_J_01180621-7007-4502-827e-50c0ca57389b
DBCT_I_2_0_J,/srv/content_store/clean/DBCT/DBCT_I_2_0_J_0ada15a3-4e70-4c92-82ff-58b6ab4b7034
DBCT_I_3_0_J,/srv/content_store/clean/DBCT/DBCT_I_3_0_J_aae9487b-78a4-4946-907d-2f9be64bac97
DBCT_I_1_0_J,NULL
DMSO_I_15_0_J,/srv/content_store/clean/DMSO/DMSO_I_15_0_J_63af6588-3254-43cb-b178-3edf9f68ec2f
DMSO_I_9_0_J,/srv/content_store/clean/DMSO/DMSO_I_9_0_J_c9bebb5b-5ce1-418b-9800-4e0735b5d18b
DMSO_I_10_0_J,/srv/content_store/clean/DMSO/DMSO_I_10_0_J_bc484d94-91c1-4003-be2f-04596d626232
DMSO_I_4_0_J,/srv/content_store/clean/DMSO/DMSO_I_4_0_J_efaada0e-1413-47b3-93ae-4ee32f15e391
DMSO_I_6_0_J,/srv/content_store/clean/DMSO/DMSO_I_6_0_J_afc7a705-0539-4777-bc67-52866b30db60
DMSO_I_3_0_J,/srv/content_store/clean/DMSO/DMSO_I_3_0_J_027f4580-352f-460a-b413-ebec4e0ea728
DBCT_I_8_0_J,/srv/content_store/clean/DBCT/DBCT_I_8_0_J_dec24cba-83d3-4be3-acc9-8cc52a34d42d
DBCT_I_6_0_J,/srv/content_store/clean/DBCT/DBCT_I_6_0_J_a6ec6fb8-93c0-4547-85d1-c1bc278b1ded
DBCT_I_5_0_J,/srv/content_store/clean/DBCT/DBCT_I_5_0_J_7d4b6d1e-20c1-489d-89db-4625cde54610
DBCT_I_2_0_J,/srv/content_store/clean/DBCT/DBCT_I_2_0_J_3eb74a0d-c201-4c45-b822-b8f5dccbad35
DBCT_I_1_0_J,NULL
DMSO_I_5_0_J,/srv/content_store/clean/DMSO/DMSO_I_5_0_J_197ca67e-1872-4a34-8c12-851a7cdbb882
DMSO_I_2_0_J,/srv/content_store/clean/DMSO/DMSO_I_2_0_J_835483f5-1284-495f-82ca-e7ae7c7eae82
DMSO_I_5_0_J,/srv/content_store/clean/DMSO/DMSO_I_5_0_J_a7821c9f-d4ab-4792-8745-e6072b8ec29a
DMSO_I_5_0_J,/srv/content_store/clean/DMSO/DMSO_I_5_0_J_13a6f3b8-4a72-4d4c-b084-46d5883cb46d
DMSO_I_5_0_J,/srv/content_store/clean/DMSO/DMSO_I_5_0_J_5a00b613-c39d-4938-bf1c-a91014a7c25e
DBCT_I_1_0_J,/srv/content_store/clean/DBCT/DBCT_I_1_0_J_59e2a870-83df-40b3-aa69-e65cae230053
DBCT_I_14_0_J,/srv/content_store/clean/DBCT/DBCT_I_14_0_J_6ea99fbe-6c66-44c9-b5a4-2d5ecf679b7f
DBCT_I_3_0_J,/srv/content_store/clean/DBCT/DBCT_I_3_0_J_78c1f2cf-4d3f-4707-8dea-c34ae253839e
DBCT_I_1_0_J,/srv/content_store/clean/DBCT/DBCT_I_1_0_J_49b3280f-aa6b-44ed-afc0-3446946ac5db
DBCT_I_3_0_J,/srv/content_store/clean/DBCT/DBCT_I_3_0_J_4b78aa7d-5e25-4dd3-985a-80f0c6b07807
DBCT_I_2_0_J,/srv/content_store/clean/DBCT/DBCT_I_2_0_J_2e1c76be-2a1c-4801-b51c-959f9dfb4c4b
DBCT_I_2_0_J,/srv/content_store/clean/DBCT/DBCT_I_2_0_J_66d336a1-481d-4cf1-95ac-f2c03c6376d6
DBCT_I_2_0_J,/srv/content_store/clean/DBCT/DBCT_I_2_0_J_79a79545-4482-4be7-a8c2-1763e9dfde59
DBCT_I_1_0_J,NULL
DBCT_I_1_0_J,NULL
DBCT_I_1_0_J,NULL
DBCT_I_1_0_J,NULL
DBCT_I_1_1_J,/srv/content_store/clean/DBCT/DBCT_I_1_1_J_34c9f0ee-cf5c-4c42-b917-60395092871b
DBCT_I_1_1_J,/srv/content_store/clean/DBCT/DBCT_I_1_1_J_f8b432ac-f9a4-44ed-b6d4-3f1081ed291c
DBCT_I_1_1_J,/srv/content_store/clean/DBCT/DBCT_I_1_1_J_b6f869a9-adcd-469f-83f2-0165f28d5e88